2026/09/07 22:45:51.818, 0, 0 %, 1017 MiB
2026/09/07 22:45:51.820, 1, 0 %, 9 MiB
2026/09/07 22:45:52.322, 0, 0 %, 1033 MiB
2026/09/07 22:45:52.323, 1, 0 %, 9 MiB
2026/09/07 22:45:52.823, 0, 0 %, 1017 MiB
2026/09/07 22:45:52.887, 1, 0 %, 9 MiB
2026/09/07 22:45:53.502, 0, 0 %, 1079 MiB
2026/09/07 22:45:53.502, 1, 0 %, 9 MiB
2026/09/07 22:45:54.003, 0, 0 %, 1083 MiB
2026/09/07 22:45:54.117, 1, 0 %, 9 MiB
2026/09/07 22:45:54.736, 0, 0 %, 1151 MiB
2026/09/07 22:45:54.736, 1, 0 %, 9 MiB
2026/09/07 22:45:55.236, 0, 0 %, 1784 MiB
2026/09/07 22:45:55.369, 1, 0 %, 9 MiB
2026/09/07 22:45:56.005, 0, 0 %, 1784 MiB
2026/09/07 22:45:56.005, 1, 0 %, 9 MiB
2026/09/07 22:45:56.505, 0, 0 %, 1784 MiB
2026/09/07 22:45:56.642, 1, 0 %, 9 MiB
2026/09/07 22:45:57.293, 0, 0 %, 1784 MiB
2026/09/07 22:45:57.293, 1, 0 %, 9 MiB
2026/09/07 22:45:57.793, 0, 0 %, 1784 MiB
2026/09/07 22:45:57.913, 1, 0 %, 9 MiB
2026/09/07 22:45:58.535, 0, 0 %, 1784 MiB
2026/09/07 22:45:58.535, 1, 0 %, 9 MiB
2026/09/07 22:45:59.036, 0, 2 %, 1784 MiB
2026/09/07 22:45:59.139, 1, 0 %, 9 MiB
2026/09/07 22:45:59.760, 0, 2 %, 1784 MiB
2026/09/07 22:45:59.760, 1, 0 %, 9 MiB
2026/09/07 22:46:00.261, 0, 2 %, 1784 MiB
2026/09/07 22:46:00.373, 1, 0 %, 9 MiB
2026/09/07 22:46:01.014, 0, 0 %, 1784 MiB
2026/09/07 22:46:01.014, 1, 0 %, 9 MiB
2026/09/07 22:46:01.514, 0, 0 %, 1784 MiB
2026/09/07 22:46:01.514, 1, 0 %, 9 MiB
2026/09/07 22:46:02.014, 0, 1 %, 1784 MiB
2026/09/07 22:46:02.104, 1, 0 %, 9 MiB
2026/09/07 22:46:02.729, 0, 2 %, 1784 MiB
2026/09/07 22:46:02.729, 1, 0 %, 9 MiB
2026/09/07 22:46:03.230, 0, 2 %, 1784 MiB
2026/09/07 22:46:03.338, 1, 0 %, 9 MiB
2026/09/07 22:46:03.957, 0, 2 %, 1784 MiB
2026/09/07 22:46:03.957, 1, 0 %, 9 MiB
2026/09/07 22:46:04.458, 0, 0 %, 1784 MiB
2026/09/07 22:46:04.578, 1, 0 %, 9 MiB
2026/09/07 22:46:05.220, 0, 0 %, 1784 MiB
2026/09/07 22:46:05.220, 1, 0 %, 9 MiB
2026/09/07 22:46:05.720, 0, 0 %, 1784 MiB
2026/09/07 22:46:05.721, 1, 0 %, 9 MiB
2026/09/07 22:46:06.221, 0, 0 %, 1784 MiB
2026/09/07 22:46:06.310, 1, 0 %, 9 MiB
2026/09/07 22:46:06.931, 0, 0 %, 1784 MiB
2026/09/07 22:46:06.931, 1, 0 %, 9 MiB
2026/09/07 22:46:07.432, 0, 0 %, 1784 MiB
2026/09/07 22:46:07.550, 1, 0 %, 9 MiB
2026/09/07 22:46:08.169, 0, 0 %, 1784 MiB
2026/09/07 22:46:08.169, 1, 0 %, 9 MiB
2026/09/07 22:46:08.669, 0, 0 %, 1784 MiB
2026/09/07 22:46:08.789, 1, 0 %, 9 MiB
2026/09/07 22:46:09.440, 0, 0 %, 1784 MiB
2026/09/07 22:46:09.440, 1, 0 %, 9 MiB
2026/09/07 22:46:09.940, 0, 2 %, 1784 MiB
2026/09/07 22:46:09.941, 1, 0 %, 9 MiB
2026/09/07 22:46:10.442, 0, 2 %, 1784 MiB
2026/09/07 22:46:10.518, 1, 0 %, 9 MiB
2026/09/07 22:46:11.138, 0, 0 %, 1784 MiB
2026/09/07 22:46:11.138, 1, 0 %, 9 MiB
2026/09/07 22:46:11.639, 0, 0 %, 1784 MiB
2026/09/07 22:46:11.748, 1, 0 %, 9 MiB
2026/09/07 22:46:12.369, 0, 0 %, 1784 MiB
2026/09/07 22:46:12.369, 1, 0 %, 9 MiB
2026/09/07 22:46:12.870, 0, 1 %, 1784 MiB
2026/09/07 22:46:13.007, 1, 0 %, 9 MiB
2026/09/07 22:46:13.658, 0, 4 %, 1784 MiB
2026/09/07 22:46:13.658, 1, 0 %, 9 MiB
2026/09/07 22:46:14.158, 0, 4 %, 1784 MiB
2026/09/07 22:46:14.301, 1, 0 %, 9 MiB
2026/09/07 22:46:14.922, 0, 0 %, 1784 MiB
2026/09/07 22:46:14.922, 1, 0 %, 9 MiB
2026/09/07 22:46:15.422, 0, 0 %, 1784 MiB
2026/09/07 22:46:15.533, 1, 0 %, 9 MiB
2026/09/07 22:46:16.154, 0, 0 %, 1784 MiB
2026/09/07 22:46:16.154, 1, 0 %, 9 MiB
2026/09/07 22:46:16.654, 0, 3 %, 1784 MiB
2026/09/07 22:46:16.771, 1, 0 %, 9 MiB
2026/09/07 22:46:17.412, 0, 1 %, 1784 MiB
2026/09/07 22:46:17.412, 1, 0 %, 9 MiB
2026/09/07 22:46:17.912, 0, 1 %, 1784 MiB
2026/09/07 22:46:17.913, 1, 0 %, 9 MiB
2026/09/07 22:46:18.413, 0, 2 %, 1784 MiB
2026/09/07 22:46:18.505, 1, 0 %, 9 MiB
2026/09/07 22:46:19.125, 0, 2 %, 1784 MiB
2026/09/07 22:46:19.125, 1, 0 %, 9 MiB
2026/09/07 22:46:19.626, 0, 2 %, 1784 MiB
2026/09/07 22:46:19.734, 1, 0 %, 9 MiB
2026/09/07 22:46:20.353, 0, 0 %, 1784 MiB
2026/09/07 22:46:20.353, 1, 0 %, 9 MiB
2026/09/07 22:46:20.854, 0, 0 %, 1784 MiB
2026/09/07 22:46:20.932, 1, 0 %, 9 MiB
2026/09/07 22:46:21.569, 0, 0 %, 1784 MiB
2026/09/07 22:46:21.569, 1, 0 %, 9 MiB
2026/09/07 22:46:22.069, 0, 0 %, 1784 MiB
2026/09/07 22:46:22.173, 1, 0 %, 9 MiB
2026/09/07 22:46:22.827, 0, 0 %, 1784 MiB
2026/09/07 22:46:22.828, 1, 0 %, 9 MiB
2026/09/07 22:46:23.328, 0, 0 %, 1784 MiB
2026/09/07 22:46:23.430, 1, 0 %, 9 MiB
2026/09/07 22:46:24.070, 0, 0 %, 1784 MiB
2026/09/07 22:46:24.070, 1, 0 %, 9 MiB
2026/09/07 22:46:24.570, 0, 0 %, 1784 MiB
2026/09/07 22:46:24.614, 1, 0 %, 9 MiB
2026/09/07 22:46:25.239, 0, 0 %, 1784 MiB
2026/09/07 22:46:25.240, 1, 0 %, 9 MiB
2026/09/07 22:46:25.740, 0, 0 %, 1784 MiB
2026/09/07 22:46:25.779, 1, 0 %, 9 MiB
2026/09/07 22:46:26.415, 0, 0 %, 1784 MiB
2026/09/07 22:46:26.415, 1, 0 %, 9 MiB
2026/09/07 22:46:26.915, 0, 0 %, 1516 MiB
2026/09/07 22:46:27.035, 1, 0 %, 9 MiB
2026/09/07 22:46:27.693, 0, 0 %, 1017 MiB
2026/09/07 22:46:27.693, 1, 0 %, 9 MiB
2026/09/07 22:46:28.193, 0, 0 %, 1017 MiB
2026/09/07 22:46:28.193, 1, 0 %, 9 MiB
2026/09/07 22:46:28.792, 0, 0 %, 1017 MiB
2026/09/07 22:46:28.792, 1, 0 %, 9 MiB
2026/09/07 22:46:29.315, 0, 0 %, 1017 MiB
2026/09/07 22:46:29.316, 1, 0 %, 9 MiB
2026/09/07 22:46:29.816, 0, 0 %, 1017 MiB
2026/09/07 22:46:29.833, 1, 0 %, 9 MiB
2026/09/07 22:46:30.449, 0, 0 %, 1017 MiB
2026/09/07 22:46:30.449, 1, 0 %, 9 MiB
2026/09/07 22:46:30.949, 0, 0 %, 1017 MiB
2026/09/07 22:46:31.025, 1, 0 %, 9 MiB
2026/09/07 22:46:31.659, 0, 0 %, 1033 MiB
2026/09/07 22:46:31.659, 1, 0 %, 9 MiB
